time,from,to
14.0,0,1
26.585,1,2
30.90575,2,3
38.99825,3,4
