time,from,to
14.0,0,1
26.55425,1,2
30.53525,2,3
48.47375,3,4
